CREATE DATABASE  IF NOT EXISTS `artefatobandejao` /*!40100 DEFAULT CHARACTER SET utf8mb4 COLLATE utf8mb4_0900_ai_ci */ /*!80016 DEFAULT ENCRYPTION='N' */;
USE `artefatobandejao`;
-- MySQL dump 10.13  Distrib 8.0.36, for Win64 (x86_64)
--
-- Host: localhost    Database: artefatobandejao
-- ------------------------------------------------------
-- Server version	8.0.37

/*!40101 SET @OLD_CHARACTER_SET_CLIENT=@@CHARACTER_SET_CLIENT */;
/*!40101 SET @OLD_CHARACTER_SET_RESULTS=@@CHARACTER_SET_RESULTS */;
/*!40101 SET @OLD_COLLATION_CONNECTION=@@COLLATION_CONNECTION */;
/*!50503 SET NAMES utf8 */;
/*!40103 SET @OLD_TIME_ZONE=@@TIME_ZONE */;
/*!40103 SET TIME_ZONE='+00:00' */;
/*!40014 SET @OLD_UNIQUE_CHECKS=@@UNIQUE_CHECKS, UNIQUE_CHECKS=0 */;
/*!40014 SET @OLD_FOREIGN_KEY_CHECKS=@@FOREIGN_KEY_CHECKS, FOREIGN_KEY_CHECKS=0 */;
/*!40101 SET @OLD_SQL_MODE=@@SQL_MODE, SQL_MODE='NO_AUTO_VALUE_ON_ZERO' */;
/*!40111 SET @OLD_SQL_NOTES=@@SQL_NOTES, SQL_NOTES=0 */;

--
-- Table structure for table `agendamento`
--

DROP TABLE IF EXISTS `agendamento`;
/*!40101 SET @saved_cs_client     = @@character_set_client */;
/*!50503 SET character_set_client = utf8mb4 */;
CREATE TABLE `agendamento` (
  `senha` int NOT NULL,
  `data` date NOT NULL,
  `horario` varchar(10) NOT NULL,
  `email` varchar(100) NOT NULL,
  `ativo` tinyint(1) DEFAULT '1',
  `IdAgendamento` int NOT NULL AUTO_INCREMENT,
  PRIMARY KEY (`IdAgendamento`),
  KEY `email` (`email`),
  KEY `horario` (`horario`),
  CONSTRAINT `agendamento_ibfk_1` FOREIGN KEY (`email`) REFERENCES `aluno` (`email`),
  CONSTRAINT `agendamento_ibfk_2` FOREIGN KEY (`horario`) REFERENCES `refeicao` (`horario`)
) ENGINE=InnoDB AUTO_INCREMENT=1560 DEFAULT CHARSET=utf8mb4 COLLATE=utf8mb4_0900_ai_ci;
/*!40101 SET character_set_client = @saved_cs_client */;

--
-- Dumping data for table `agendamento`
--

LOCK TABLES `agendamento` WRITE;
/*!40000 ALTER TABLE `agendamento` DISABLE KEYS */;
INSERT INTO `agendamento` VALUES (1,'2024-05-21','11:40','felipe.s.m1609@gmail.com',0,1),(1,'2024-05-22','11:40','gala.s.monteiro@gmail.com',0,2),(1,'2024-05-23','11:40','gala.s.monteiro@gmail.com',0,3),(1,'2024-05-23','11:40','felipe.s.m1609@gmail.com',0,4),(1,'2024-05-23','11:50','filadobandejao@gmail.com',0,5),(1,'2024-05-23','12:00','filadobandejao@gmail.com',1,6),(1,'2024-05-23','11:40','gala.s.monteiro@gmail.com',0,7),(32,'2024-05-23','11:40','gala.s.monteiro@gmail.com',0,8),(32,'2024-05-23','11:40','gala.s.monteiro@gmail.com',0,9),(32,'2024-05-23','11:40','gala.s.monteiro@gmail.com',0,10),(32,'2024-05-23','11:40','gala.s.monteiro@gmail.com',0,11),(48,'2024-05-23','11:40','gala.s.monteiro@gmail.com',0,12),(29,'2024-05-23','11:40','gala.s.monteiro@gmail.com',0,13),(36,'2024-05-23','12:10','gala.s.monteiro@gmail.com',0,14),(36,'2024-05-23','12:10','gala.s.monteiro@gmail.com',0,15),(32,'2024-05-23','11:50','gala.s.monteiro@gmail.com',0,16),(37,'2024-05-23','12:20','gala.s.monteiro@gmail.com',0,17),(6,'2024-05-23','13:10','gala.s.monteiro@gmail.com',0,18),(48,'2024-05-23','12:00','gala.s.monteiro@gmail.com',0,19),(13,'2024-05-23','12:30','gala.s.monteiro@gmail.com',0,20),(36,'2024-05-23','12:10','gala.s.monteiro@gmail.com',0,21),(32,'2024-05-23','11:50','gala.s.monteiro@gmail.com',0,22),(36,'2024-05-23','12:10','gala.s.monteiro@gmail.com',0,23),(32,'2024-05-23','11:50','gala.s.monteiro@gmail.com',0,24),(36,'2024-05-23','12:10','gala.s.monteiro@gmail.com',0,25),(48,'2024-05-23','12:00','gala.s.monteiro@gmail.com',0,26),(37,'2024-05-23','12:20','gala.s.monteiro@gmail.com',0,27),(37,'2024-05-23','12:20','gala.s.monteiro@gmail.com',0,28),(36,'2024-05-23','12:10','gala.s.monteiro@gmail.com',0,29),(18,'2024-05-23','12:50','gala.s.monteiro@gmail.com',0,30),(13,'2024-05-23','12:30','gala.s.monteiro@gmail.com',0,31),(2,'2024-05-23','13:00','gala.s.monteiro@gmail.com',0,32),(37,'2024-05-23','12:20','gala.s.monteiro@gmail.com',0,33),(48,'2024-05-23','12:00','gala.s.monteiro@gmail.com',0,34),(36,'2024-05-23','12:10','gala.s.monteiro@gmail.com',0,35),(32,'2024-05-23','11:50','gala.s.monteiro@gmail.com',0,36),(36,'2024-05-23','12:10','gala.s.monteiro@gmail.com',0,37),(18,'2024-05-23','12:50','gala.s.monteiro@gmail.com',0,38),(36,'2024-05-23','12:10','ayraobruno2@gmail.com',0,39),(32,'2024-05-23','11:50','ayraobruno2@gmail.com',0,40),(48,'2024-05-23','12:00','ayraobruno2@gmail.com',0,41),(37,'2024-05-23','12:20','ayraobruno2@gmail.com',0,42),(48,'2024-05-23','12:00','gala.s.monteiro@gmail.com',0,43),(32,'2024-05-23','11:50','gala.s.monteiro@gmail.com',0,44),(48,'2024-05-23','12:00','gala.s.monteiro@gmail.com',0,45),(18,'2024-05-23','12:50','gala.s.monteiro@gmail.com',0,46),(37,'2024-05-23','12:20','gala.s.monteiro@gmail.com',0,47),(18,'2024-05-23','12:50','gala.s.monteiro@gmail.com',0,48),(2,'2024-05-23','13:00','gala.s.monteiro@gmail.com',0,49),(29,'2024-05-23','12:40','gala.s.monteiro@gmail.com',0,50),(29,'2024-05-23','12:40','gala.s.monteiro@gmail.com',0,51),(18,'2024-05-23','12:50','gala.s.monteiro@gmail.com',0,52),(18,'2024-05-23','12:50','gala.s.monteiro@gmail.com',0,53),(2,'2024-05-23','13:00','gala.s.monteiro@gmail.com',0,54),(36,'2024-05-23','12:10','gala.s.monteiro@gmail.com',0,55),(48,'2024-05-23','12:00','gala.s.monteiro@gmail.com',0,56),(18,'2024-05-23','12:50','gala.s.monteiro@gmail.com',0,57),(29,'2024-05-23','12:40','gala.s.monteiro@gmail.com',0,58),(32,'2024-05-23','11:50','gala.s.monteiro@gmail.com',0,59),(37,'2024-05-23','12:20','gala.s.monteiro@gmail.com',0,60),(37,'2024-05-23','12:20','gala.s.monteiro@gmail.com',0,61),(37,'2024-05-23','12:20','gala.s.monteiro@gmail.com',0,62),(37,'2024-05-23','12:20','gala.s.monteiro@gmail.com',0,63),(32,'2024-05-23','11:50','gala.s.monteiro@gmail.com',0,64),(48,'2024-05-23','12:00','gala.s.monteiro@gmail.com',0,65),(36,'2024-05-23','12:10','gala.s.monteiro@gmail.com',0,66),(6,'2024-05-23','13:10','gala.s.monteiro@gmail.com',0,67),(48,'2024-05-28','12:00','gala.s.monteiro@gmail.com',0,68),(13,'2024-05-28','12:30','gala.s.monteiro@gmail.com',0,69),(13,'2024-05-28','12:30','gala.s.monteiro@gmail.com',0,70),(2,'2024-05-28','13:00','gala.s.monteiro@gmail.com',0,71),(48,'2024-05-29','12:00','gala.s.monteiro@gmail.com',0,72),(48,'2024-05-29','12:00','gala.s.monteiro@gmail.com',0,73),(29,'2024-05-29','12:40','gala.s.monteiro@gmail.com',0,74),(37,'2024-05-29','12:20','gala.s.monteiro@gmail.com',0,75),(37,'2024-05-29','12:20','gala.s.monteiro@gmail.com',0,76),(29,'2024-05-29','12:40','gala.s.monteiro@gmail.com',0,77),(18,'2024-05-29','12:50','gala.s.monteiro@gmail.com',0,78),(2,'2024-05-29','13:00','gala.s.monteiro@gmail.com',0,79),(29,'2024-05-29','12:40','gala.s.monteiro@gmail.com',0,80),(13,'2024-05-29','12:30','gala.s.monteiro@gmail.com',0,81),(36,'2024-05-29','12:10','gala.s.monteiro@gmail.com',0,82),(37,'2024-05-29','12:20','gala.s.monteiro@gmail.com',0,83),(18,'2024-05-29','12:50','gala.s.monteiro@gmail.com',0,84),(37,'2024-05-29','12:20','gala.s.monteiro@gmail.com',0,85),(48,'2024-05-29','12:00','gala.s.monteiro@gmail.com',0,86),(2,'2024-05-29','13:00','gala.s.monteiro@gmail.com',0,87),(6,'2024-05-29','13:10','gala.s.monteiro@gmail.com',0,88),(36,'2024-05-29','12:10','gala.s.monteiro@gmail.com',0,89),(29,'2024-05-29','12:40','gala.s.monteiro@gmail.com',0,90),(18,'2024-05-29','12:50','gala.s.monteiro@gmail.com',0,91),(36,'2024-05-29','12:10','gala.s.monteiro@gmail.com',0,92),(6,'2024-05-29','13:10','gala.s.monteiro@gmail.com',0,93),(29,'2024-05-29','12:40','gala.s.monteiro@gmail.com',0,94),(36,'2024-05-29','12:10','gala.s.monteiro@gmail.com',0,95),(32,'2024-05-29','11:50','gala.s.monteiro@gmail.com',0,96),(37,'2024-05-29','12:20','gala.s.monteiro@gmail.com',0,97),(29,'2024-05-29','12:40','gala.s.monteiro@gmail.com',0,98),(13,'2024-05-29','12:30','gala.s.monteiro@gmail.com',0,99),(6,'2024-05-29','13:10','gala.s.monteiro@gmail.com',0,100),(6,'2024-05-29','13:10','gala.s.monteiro@gmail.com',0,101),(6,'2024-05-29','13:10','gala.s.monteiro@gmail.com',0,102),(6,'2024-05-29','13:10','gala.s.monteiro@gmail.com',0,103),(18,'2024-05-29','12:50','gala.s.monteiro@gmail.com',0,104),(13,'2024-05-29','12:30','gala.s.monteiro@gmail.com',0,105),(13,'2024-05-29','12:30','gala.s.monteiro@gmail.com',0,106),(2,'2024-05-29','13:00','gala.s.monteiro@gmail.com',0,107),(6,'2024-05-29','13:10','gala.s.monteiro@gmail.com',0,108),(18,'2024-05-29','12:50','gala.s.monteiro@gmail.com',0,109),(36,'2024-05-29','12:10','gala.s.monteiro@gmail.com',0,110),(13,'2024-06-05','12:30','gala.s.monteiro@gmail.com',0,111),(32,'2024-06-05','11:50','gala.s.monteiro@gmail.com',0,112),(2,'2024-06-05','13:00','gala.s.monteiro@gmail.com',0,113),(2,'2024-06-05','11:40','gala.s.monteiro@gmail.com',0,114),(3,'2024-06-05','11:40','gala.s.monteiro@gmail.com',0,115),(48,'2024-06-05','12:00','gala.s.monteiro@gmail.com',0,116),(2,'2024-06-05','11:40','gala.s.monteiro@gmail.com',0,117),(3,'2024-06-05','11:40','gala.s.monteiro@gmail.com',0,118),(3,'2024-06-05','11:40','gala.s.monteiro@gmail.com',0,119),(3,'2024-06-05','11:40','gala.s.monteiro@gmail.com',0,120),(3,'2024-06-05','11:40','gala.s.monteiro@gmail.com',0,121),(32,'2024-06-05','11:50','gala.s.monteiro@gmail.com',0,122),(48,'2024-06-05','12:00','gala.s.monteiro@gmail.com',0,123),(48,'2024-06-05','12:00','gala.s.monteiro@gmail.com',0,124),(2,'2024-06-05','11:40','gala.s.monteiro@gmail.com',0,125),(3,'2024-06-05','11:40','gala.s.monteiro@gmail.com',0,126),(3,'2024-06-05','11:40','gala.s.monteiro@gmail.com',0,127),(3,'2024-06-05','11:40','gala.s.monteiro@gmail.com',0,128),(3,'2024-06-05','11:40','gala.s.monteiro@gmail.com',0,129),(3,'2024-06-05','11:40','gala.s.monteiro@gmail.com',0,130),(3,'2024-06-05','11:40','gala.s.monteiro@gmail.com',0,131),(13,'2024-06-05','12:30','gala.s.monteiro@gmail.com',0,132),(2,'2024-06-05','11:40','gala.s.monteiro@gmail.com',0,133),(1,'2024-06-05','11:40','gala.s.monteiro@gmail.com',0,134),(3,'2024-06-05','11:40','gala.s.monteiro@gmail.com',0,135),(1,'2024-06-05','11:40','gala.s.monteiro@gmail.com',0,136),(1,'2024-06-05','12:10','gala.s.monteiro@gmail.com',0,137),(2,'2024-06-05','12:00','gala.s.monteiro@gmail.com',0,138),(3,'2024-06-05','12:00','gala.s.monteiro@gmail.com',0,139),(3,'2024-06-05','12:00','gala.s.monteiro@gmail.com',0,140),(1,'2024-06-05','12:50','gala.s.monteiro@gmail.com',0,141),(1,'2024-06-05','12:20','felipe.s.m1609@gmail.com',0,142),(1,'2024-06-05','17:00','gala.s.monteiro@gmail.com',0,143),(1,'2024-06-05','17:10','gala.s.monteiro@gmail.com',0,144),(1,'2024-06-05','18:20','gala.s.monteiro@gmail.com',0,145),(2,'2024-06-06','12:00','gala.s.monteiro@gmail.com',0,146),(2,'2024-06-06','12:00','gala.s.monteiro@gmail.com',0,147),(3,'2024-06-06','12:00','gala.s.monteiro@gmail.com',0,148),(3,'2024-06-06','12:00','gala.s.monteiro@gmail.com',0,149),(2,'2024-06-06','12:00','gala.s.monteiro@gmail.com',0,150),(3,'2024-06-06','12:00','gala.s.monteiro@gmail.com',0,151),(3,'2024-06-06','12:00','gala.s.monteiro@gmail.com',0,152),(1,'2024-06-06','12:10','gala.s.monteiro@gmail.com',0,153),(2,'2024-06-06','12:00','gala.s.monteiro@gmail.com',0,154),(3,'2024-06-06','12:00','gala.s.monteiro@gmail.com',0,155),(1,'2024-06-12','11:40','gala.s.monteiro@gmail.com',0,156),(2,'2024-06-12','12:00','gala.s.monteiro@gmail.com',0,157),(1,'2024-06-12','12:30','gala.s.monteiro@gmail.com',0,158),(1,'2024-06-12','13:00','gala.s.monteiro@gmail.com',0,159),(2,'2024-06-12','13:00','gala.s.monteiro@gmail.com',0,160),(1,'2024-06-12','11:40','gala.s.monteiro@gmail.com',0,161),(2,'2024-06-12','11:40','gala.s.monteiro@gmail.com',0,162),(1,'2024-06-12','11:40','gala.s.monteiro@gmail.com',0,163),(1,'2024-06-12','11:50','gala.s.monteiro@gmail.com',0,164),(2,'2024-06-12','11:50','gala.s.monteiro@gmail.com',0,165),(2,'2024-06-12','12:00','gala.s.monteiro@gmail.com',0,166),(1,'2024-06-12','17:00','gala.s.monteiro@gmail.com',0,167),(1,'2024-06-12','17:10','gala.s.monteiro@gmail.com',0,168),(1,'2024-06-12','17:00','gala.s.monteiro@gmail.com',0,169),(1,'2024-06-12','17:50','gala.s.monteiro@gmail.com',0,170),(1,'2024-06-12','17:40','gala.s.monteiro@gmail.com',0,171),(1,'2024-06-12','17:20','gala.s.monteiro@gmail.com',0,172),(1,'2024-06-12','17:50','felipe.s.m1609@gmail.com',0,173),(2,'2024-06-12','17:20','felipe.s.m1609@gmail.com',0,174),(3,'2024-06-12','17:20','novaesduda4@gmail.com',1,175),(1,'2024-06-13','11:40','gala.s.monteiro@gmail.com',0,176),(1,'2024-06-13','11:40','gala.s.monteiro@gmail.com',0,177),(2,'2024-06-13','11:40','gala.s.monteiro@gmail.com',0,178),(2,'2024-06-13','11:40','gala.s.monteiro@gmail.com',0,179),(2,'2024-06-13','12:00','gala.s.monteiro@gmail.com',0,180),(1,'2024-06-13','11:40','gala.s.monteiro@gmail.com',0,181),(2,'2024-06-13','12:00','gala.s.monteiro@gmail.com',0,182),(1,'2024-06-13','11:50','gala.s.monteiro@gmail.com',0,183),(1,'2024-06-13','11:40','gala.s.monteiro@gmail.com',0,185),(1,'2024-06-15','11:40','gala.s.monteiro@gmail.com',0,186),(1,'2024-06-17','17:00','gala.s.monteiro@gmail.com',0,187),(1,'2024-06-17','17:10','gala.s.monteiro@gmail.com',0,188),(3,'2024-06-17','17:00','TESTE2@gmail.com',0,189),(33,'2024-06-17','17:00','TESTE3@gmail.com',0,190),(23,'2024-06-17','17:00','TESTE4@gmail.com',0,191),(21,'2024-06-17','17:00','TESTE5@gmail.com',0,192),(5,'2024-06-17','17:00','TESTE6@gmail.com',0,193),(1,'2024-06-17','17:00','TESTE7@gmail.com',0,194),(74,'2024-06-17','17:00','TESTE8@gmail.com',0,195),(35,'2024-06-17','17:00','TESTE9@gmail.com',0,196),(56,'2024-06-17','17:00','TESTE10@gmail.com',0,197),(10,'2024-06-17','17:00','gala.s.monteiro@gmail.com',0,198),(10,'2024-06-17','17:00','gala.s.monteiro@gmail.com',0,199),(10,'2024-06-17','17:00','gala.s.monteiro@gmail.com',0,200),(11,'2024-06-17','17:00','gala.s.monteiro@gmail.com',0,201),(10,'2024-06-17','17:00','gala.s.monteiro@gmail.com',0,202),(10,'2024-06-17','17:00','gala.s.monteiro@gmail.com',0,203),(11,'2024-06-17','17:00','gala.s.monteiro@gmail.com',0,204),(10,'2024-06-18','17:00','gala.s.monteiro@gmail.com',0,205),(11,'2024-06-18','17:00','felipe.s.m1609@gmail.com',0,206),(1,'2024-06-18','17:10','felipe.s.m1609@gmail.com',0,207),(1,'2024-06-18','17:10','gala.s.monteiro@gmail.com',0,208),(10,'2024-06-18','17:00','gala.s.monteiro@gmail.com',0,209),(2,'2024-06-18','17:20','gala.s.monteiro@gmail.com',0,210),(10,'2024-06-18','17:00','gala.s.monteiro@gmail.com',0,211),(10,'2024-06-18','11:40','gala.s.monteiro@gmail.com',0,212),(10,'2024-06-18','11:40','gala.s.monteiro@gmail.com',0,213),(10,'2024-06-18','11:40','gala.s.monteiro@gmail.com',0,214),(10,'2024-06-18','11:40','gala.s.monteiro@gmail.com',0,215),(10,'2024-06-18','11:40','felipe.s.m1609@gmail.com',0,216),(10,'2024-06-18','11:40','felipe.s.m1609@gmail.com',0,217),(1,'2024-06-18','11:50','felipe.s.m1609@gmail.com',0,218),(10,'2024-06-18','11:40','felipe.s.m1609@gmail.com',0,219),(10,'2024-06-18','11:40','felipe.s.m1609@gmail.com',0,220),(10,'2024-06-18','11:40','felipe.s.m1609@gmail.com',0,221),(10,'2024-06-18','11:40','felipe.s.m1609@gmail.com',0,222),(10,'2024-06-18','11:40','felipe.s.m1609@gmail.com',0,223),(10,'2024-06-18','11:40','felipe.s.m1609@gmail.com',0,224),(10,'2024-06-18','11:40','felipe.s.m1609@gmail.com',0,225),(10,'2024-06-18','11:40','felipe.s.m1609@gmail.com',0,226),(2,'2024-06-18','11:40','felipe.s.m1609@gmail.com',0,227),(10,'2024-06-18','11:40','felipe.s.m1609@gmail.com',0,228),(2,'2024-06-18','11:40','felipe.s.m1609@gmail.com',0,229),(2,'2024-06-18','11:40','felipe.s.m1609@gmail.com',0,230),(2,'2024-06-18','11:40','felipe.s.m1609@gmail.com',0,231),(1,'2024-06-18','12:10','felipe.s.m1609@gmail.com',0,232),(418,'2024-06-18','11:40','TESTE2@gmail.com',1,467),(439,'2024-06-18','11:40','TESTE19@gmail.com',1,564),(151,'2024-06-18','11:40','TESTE3@gmail.com',0,565),(32,'2024-06-18','11:40','TESTE4@gmail.com',1,566),(436,'2024-06-18','11:40','TESTE5@gmail.com',1,567),(45,'2024-06-18','11:40','TESTE6@gmail.com',1,568),(329,'2024-06-18','11:40','TESTE7@gmail.com',1,569),(217,'2024-06-18','11:40','TESTE8@gmail.com',1,570),(63,'2024-06-18','11:40','TESTE9@gmail.com',1,571),(94,'2024-06-18','11:40','TESTE10@gmail.com',1,572),(267,'2024-06-18','11:40','TESTE11@gmail.com',1,573),(58,'2024-06-18','11:40','TESTE12@gmail.com',1,574),(410,'2024-06-18','11:40','TESTE13@gmail.com',1,575),(124,'2024-06-18','11:40','TESTE14@gmail.com',1,576),(271,'2024-06-18','11:40','TESTE15@gmail.com',1,577),(327,'2024-06-18','11:40','TESTE16@gmail.com',1,578),(358,'2024-06-18','11:40','TESTE17@gmail.com',1,579),(186,'2024-06-18','11:40','TESTE18@gmail.com',1,580),(439,'2024-06-18','11:40','TESTE19@gmail.com',1,581),(43,'2024-06-18','11:40','TESTE20@gmail.com',1,582),(181,'2024-06-18','11:40','TESTE21@gmail.com',1,583),(267,'2024-06-18','11:40','TESTE22@gmail.com',1,584),(210,'2024-06-18','11:40','TESTE23@gmail.com',1,585),(71,'2024-06-18','11:40','TESTE24@gmail.com',1,586),(185,'2024-06-18','11:40','TESTE25@gmail.com',1,587),(419,'2024-06-18','11:40','TESTE26@gmail.com',1,588),(342,'2024-06-18','11:40','TESTE27@gmail.com',1,589),(333,'2024-06-18','11:40','TESTE28@gmail.com',1,590),(238,'2024-06-18','11:40','TESTE29@gmail.com',1,591),(327,'2024-06-18','11:40','TESTE30@gmail.com',1,592),(234,'2024-06-18','11:40','TESTE31@gmail.com',1,593),(158,'2024-06-18','11:40','TESTE32@gmail.com',1,594),(42,'2024-06-18','11:40','TESTE33@gmail.com',1,595),(367,'2024-06-18','11:40','TESTE34@gmail.com',1,596),(414,'2024-06-18','11:40','TESTE35@gmail.com',1,597),(50,'2024-06-18','11:40','TESTE36@gmail.com',1,598),(265,'2024-06-18','11:40','TESTE37@gmail.com',1,599),(91,'2024-06-18','11:40','TESTE38@gmail.com',1,600),(483,'2024-06-18','11:40','TESTE39@gmail.com',1,601),(28,'2024-06-18','11:40','TESTE40@gmail.com',1,602),(111,'2024-06-18','11:40','TESTE41@gmail.com',1,603),(402,'2024-06-18','11:40','TESTE42@gmail.com',1,604),(35,'2024-06-18','11:40','TESTE43@gmail.com',1,605),(313,'2024-06-18','11:40','TESTE44@gmail.com',1,606),(385,'2024-06-18','11:40','TESTE45@gmail.com',1,607),(164,'2024-06-18','11:40','TESTE46@gmail.com',1,608),(288,'2024-06-18','11:40','TESTE47@gmail.com',1,609),(178,'2024-06-18','11:40','TESTE48@gmail.com',1,610),(408,'2024-06-18','11:40','TESTE49@gmail.com',1,611),(495,'2024-06-18','11:40','TESTE50@gmail.com',1,612),(197,'2024-06-18','11:50','TESTE51@gmail.com',1,613),(296,'2024-06-18','11:50','TESTE52@gmail.com',1,614),(80,'2024-06-18','11:50','TESTE53@gmail.com',1,615),(151,'2024-06-18','11:50','TESTE54@gmail.com',1,616),(427,'2024-06-18','11:50','TESTE55@gmail.com',1,617),(326,'2024-06-18','11:50','TESTE56@gmail.com',1,618),(143,'2024-06-18','11:50','TESTE57@gmail.com',1,619),(250,'2024-06-18','11:50','TESTE58@gmail.com',1,620),(18,'2024-06-18','11:50','TESTE59@gmail.com',1,621),(369,'2024-06-18','11:50','TESTE60@gmail.com',1,622),(433,'2024-06-18','11:50','TESTE61@gmail.com',1,623),(179,'2024-06-18','11:50','TESTE62@gmail.com',1,624),(78,'2024-06-18','11:50','TESTE63@gmail.com',1,625),(484,'2024-06-18','11:50','TESTE64@gmail.com',1,626),(50,'2024-06-18','11:40','gala.s.monteiro@gmail.com',0,627),(50,'2024-06-18','11:40','gala.s.monteiro@gmail.com',0,628),(15,'2024-06-18','11:50','gala.s.monteiro@gmail.com',0,629),(50,'2024-06-18','11:40','gala.s.monteiro@gmail.com',0,630),(197,'2024-06-18','11:50','TESTE51@gmail.com',1,671),(296,'2024-06-18','11:50','TESTE52@gmail.com',1,672),(80,'2024-06-18','11:50','TESTE53@gmail.com',1,673),(151,'2024-06-18','11:50','TESTE54@gmail.com',1,674),(427,'2024-06-18','11:50','TESTE55@gmail.com',1,675),(326,'2024-06-18','11:50','TESTE56@gmail.com',1,676),(143,'2024-06-18','11:50','TESTE57@gmail.com',1,677),(250,'2024-06-18','11:50','TESTE58@gmail.com',1,678),(18,'2024-06-18','11:50','TESTE59@gmail.com',1,679),(369,'2024-06-18','11:50','TESTE60@gmail.com',1,680),(433,'2024-06-18','11:50','TESTE61@gmail.com',1,681),(179,'2024-06-18','11:50','TESTE62@gmail.com',1,682),(78,'2024-06-18','11:50','TESTE63@gmail.com',1,683),(484,'2024-06-18','11:50','TESTE64@gmail.com',1,684),(296,'2024-06-18','11:50','TESTE65@gmail.com',1,685),(12,'2024-06-18','11:50','TESTE66@gmail.com',1,686),(313,'2024-06-18','11:50','TESTE67@gmail.com',1,687),(437,'2024-06-18','11:50','TESTE68@gmail.com',1,688),(310,'2024-06-18','11:50','TESTE69@gmail.com',1,689),(190,'2024-06-18','11:50','TESTE70@gmail.com',1,690),(50,'2024-06-18','11:40','gala.s.monteiro@gmail.com',0,691),(35,'2024-06-18','11:50','gala.s.monteiro@gmail.com',0,692),(35,'2024-06-18','11:50','gala.s.monteiro@gmail.com',0,693),(50,'2024-06-18','11:40','gala.s.monteiro@gmail.com',0,694),(1,'2024-06-18','12:10','gala.s.monteiro@gmail.com',0,695),(50,'2024-06-18','11:40','gala.s.monteiro@gmail.com',0,696),(2,'2024-06-18','17:20','gala.s.monteiro@gmail.com',0,697),(1,'2024-06-18','17:00','gala.s.monteiro@gmail.com',0,698),(3,'2024-06-17','17:00','TESTE2@gmail.com',1,699),(33,'2024-06-17','17:00','TESTE3@gmail.com',1,700),(23,'2024-06-17','17:00','TESTE4@gmail.com',1,701),(21,'2024-06-17','17:00','TESTE5@gmail.com',1,702),(5,'2024-06-17','17:00','TESTE6@gmail.com',1,703),(1,'2024-06-17','17:00','TESTE7@gmail.com',1,704),(74,'2024-06-17','17:00','TESTE8@gmail.com',1,705),(35,'2024-06-17','17:00','TESTE9@gmail.com',1,706),(56,'2024-06-17','17:00','TESTE10@gmail.com',1,707),(10,'2024-06-18','17:00','gala.s.monteiro@gmail.com',0,708),(1,'2024-06-18','17:10','gala.s.monteiro@gmail.com',0,709),(10,'2024-06-18','17:00','gala.s.monteiro@gmail.com',0,710),(10,'2024-06-18','17:00','gala.s.monteiro@gmail.com',0,711),(0,'2024-06-17','17:00','TESTE17@gmail.com',1,712),(0,'2024-06-17','17:00','TESTE17@gmail.com',1,713),(0,'2024-06-17','17:00','TESTE17@gmail.com',1,714),(0,'2024-06-17','17:00','TESTE17@gmail.com',1,715),(0,'2024-06-17','17:00','TESTE17@gmail.com',1,716),(0,'2024-06-17','17:00','TESTE17@gmail.com',1,717),(0,'2024-06-17','17:00','TESTE17@gmail.com',1,718),(0,'2024-06-17','17:00','TESTE17@gmail.com',1,719),(0,'2024-06-17','17:00','TESTE17@gmail.com',1,720),(0,'2024-06-17','17:00','TESTE17@gmail.com',1,721),(0,'2024-06-17','17:00','TESTE17@gmail.com',1,722),(0,'2024-06-17','17:00','TESTE17@gmail.com',1,723),(0,'2024-06-17','17:00','TESTE17@gmail.com',1,724),(0,'2024-06-17','17:00','TESTE17@gmail.com',1,725),(0,'2024-06-17','17:00','TESTE17@gmail.com',1,726),(0,'2024-06-17','17:00','TESTE17@gmail.com',1,727),(0,'2024-06-17','17:00','TESTE17@gmail.com',1,728),(0,'2024-06-17','17:00','TESTE17@gmail.com',1,729),(0,'2024-06-17','17:00','TESTE17@gmail.com',1,730),(0,'2024-06-17','17:00','TESTE17@gmail.com',1,731),(0,'2024-06-17','17:00','TESTE17@gmail.com',1,732),(0,'2024-06-17','17:00','TESTE17@gmail.com',1,733),(0,'2024-06-17','17:00','TESTE17@gmail.com',1,734),(0,'2024-06-17','17:00','TESTE17@gmail.com',1,735),(0,'2024-06-17','17:00','TESTE17@gmail.com',1,736),(0,'2024-06-17','17:00','TESTE17@gmail.com',1,737),(0,'2024-06-17','17:00','TESTE17@gmail.com',1,738),(0,'2024-06-17','17:00','TESTE17@gmail.com',1,739),(0,'2024-06-17','17:00','TESTE17@gmail.com',1,740),(0,'2024-06-17','17:00','TESTE17@gmail.com',1,741),(0,'2024-06-17','17:00','TESTE17@gmail.com',1,742),(0,'2024-06-17','17:00','TESTE17@gmail.com',1,743),(0,'2024-06-17','17:00','TESTE17@gmail.com',1,744),(0,'2024-06-17','17:00','TESTE17@gmail.com',1,745),(0,'2024-06-17','17:00','TESTE17@gmail.com',1,746),(0,'2024-06-17','17:00','TESTE17@gmail.com',1,747),(0,'2024-06-17','17:00','TESTE17@gmail.com',1,748),(0,'2024-06-17','17:00','TESTE17@gmail.com',1,749),(0,'2024-06-17','17:00','TESTE17@gmail.com',1,750),(0,'2024-06-17','17:00','TESTE17@gmail.com',1,751),(1710,'2024-06-17','17:10','TESTE17@gmail.com',1,800),(1710,'2024-06-17','17:10','TESTE17@gmail.com',1,801),(1710,'2024-06-17','17:10','TESTE17@gmail.com',1,802),(1710,'2024-06-17','17:10','TESTE17@gmail.com',1,803),(1710,'2024-06-17','17:10','TESTE17@gmail.com',1,804),(1710,'2024-06-17','17:10','TESTE17@gmail.com',1,805),(1710,'2024-06-17','17:10','TESTE17@gmail.com',1,806),(1710,'2024-06-17','17:10','TESTE17@gmail.com',1,807),(1710,'2024-06-17','17:10','TESTE17@gmail.com',1,808),(1710,'2024-06-17','17:10','TESTE17@gmail.com',1,809),(1710,'2024-06-17','17:10','TESTE17@gmail.com',1,810),(1710,'2024-06-17','17:10','TESTE17@gmail.com',1,811),(1710,'2024-06-17','17:10','TESTE17@gmail.com',1,812),(1710,'2024-06-17','17:10','TESTE17@gmail.com',1,813),(1710,'2024-06-17','17:10','TESTE17@gmail.com',1,814),(1710,'2024-06-17','17:10','TESTE17@gmail.com',1,815),(1710,'2024-06-17','17:10','TESTE17@gmail.com',1,816),(1710,'2024-06-17','17:10','TESTE17@gmail.com',1,817),(1710,'2024-06-17','17:10','TESTE17@gmail.com',1,818),(1710,'2024-06-17','17:10','TESTE17@gmail.com',1,819),(1710,'2024-06-17','17:10','TESTE17@gmail.com',1,820),(1710,'2024-06-17','17:10','TESTE17@gmail.com',1,821),(1710,'2024-06-17','17:10','TESTE17@gmail.com',1,822),(1710,'2024-06-17','17:10','TESTE17@gmail.com',1,823),(1710,'2024-06-17','17:10','TESTE17@gmail.com',1,824),(1710,'2024-06-17','17:10','TESTE17@gmail.com',1,825),(1710,'2024-06-17','17:10','TESTE17@gmail.com',1,826),(1710,'2024-06-17','17:10','TESTE17@gmail.com',1,827),(1710,'2024-06-17','17:10','TESTE17@gmail.com',1,828),(1710,'2024-06-17','17:10','TESTE17@gmail.com',1,829),(1710,'2024-06-17','17:10','TESTE17@gmail.com',1,830),(1710,'2024-06-17','17:10','TESTE17@gmail.com',1,831),(1710,'2024-06-17','17:10','TESTE17@gmail.com',1,832),(1710,'2024-06-17','17:10','TESTE17@gmail.com',1,833),(1710,'2024-06-17','17:10','TESTE17@gmail.com',1,834),(1710,'2024-06-17','17:10','TESTE17@gmail.com',1,835),(1710,'2024-06-17','17:10','TESTE17@gmail.com',1,836),(1710,'2024-06-17','17:10','TESTE17@gmail.com',1,837),(1710,'2024-06-17','17:10','TESTE17@gmail.com',1,838),(1710,'2024-06-17','17:10','TESTE17@gmail.com',1,839),(1710,'2024-06-17','17:10','TESTE17@gmail.com',1,840),(1710,'2024-06-17','17:10','TESTE17@gmail.com',1,841),(1710,'2024-06-17','17:10','TESTE17@gmail.com',1,842),(1710,'2024-06-17','17:10','TESTE17@gmail.com',1,843),(1710,'2024-06-17','17:10','TESTE17@gmail.com',1,844),(1710,'2024-06-17','17:10','TESTE17@gmail.com',1,845),(1710,'2024-06-17','17:10','TESTE17@gmail.com',1,846),(1710,'2024-06-17','17:10','TESTE17@gmail.com',1,847),(1710,'2024-06-17','17:10','TESTE17@gmail.com',1,848),(1710,'2024-06-17','17:10','TESTE17@gmail.com',1,849),(1720,'2024-06-18','17:20','TESTE17@gmail.com',1,850),(1720,'2024-06-18','17:20','TESTE17@gmail.com',1,851),(1720,'2024-06-18','17:20','TESTE17@gmail.com',1,852),(1720,'2024-06-18','17:20','TESTE17@gmail.com',1,853),(1720,'2024-06-18','17:20','TESTE17@gmail.com',1,854),(1720,'2024-06-18','17:20','TESTE17@gmail.com',1,855),(1720,'2024-06-18','17:20','TESTE17@gmail.com',1,856),(1720,'2024-06-18','17:20','TESTE17@gmail.com',1,857),(1720,'2024-06-18','17:20','TESTE17@gmail.com',1,858),(1720,'2024-06-18','17:20','TESTE17@gmail.com',1,859),(1720,'2024-06-18','17:20','TESTE17@gmail.com',1,860),(1720,'2024-06-18','17:20','TESTE17@gmail.com',1,861),(1720,'2024-06-18','17:20','TESTE17@gmail.com',1,862),(1720,'2024-06-18','17:20','TESTE17@gmail.com',1,863),(1720,'2024-06-18','17:20','TESTE17@gmail.com',1,864),(1720,'2024-06-18','17:20','TESTE17@gmail.com',1,865),(1720,'2024-06-18','17:20','TESTE17@gmail.com',1,866),(1720,'2024-06-18','17:20','TESTE17@gmail.com',1,867),(1720,'2024-06-18','17:20','TESTE17@gmail.com',1,868),(1720,'2024-06-18','17:20','TESTE17@gmail.com',1,869),(1720,'2024-06-18','17:20','TESTE17@gmail.com',1,870),(1720,'2024-06-18','17:20','TESTE17@gmail.com',1,871),(1720,'2024-06-18','17:20','TESTE17@gmail.com',1,872),(1720,'2024-06-18','17:20','TESTE17@gmail.com',1,873),(1720,'2024-06-18','17:20','TESTE17@gmail.com',1,874),(1720,'2024-06-18','17:20','TESTE17@gmail.com',1,875),(1720,'2024-06-18','17:20','TESTE17@gmail.com',1,876),(1720,'2024-06-18','17:20','TESTE17@gmail.com',1,877),(1720,'2024-06-18','17:20','TESTE17@gmail.com',1,878),(1720,'2024-06-18','17:20','TESTE17@gmail.com',1,879),(1720,'2024-06-18','17:20','TESTE17@gmail.com',1,880),(1720,'2024-06-18','17:20','TESTE17@gmail.com',1,881),(1720,'2024-06-18','17:20','TESTE17@gmail.com',1,882),(1720,'2024-06-18','17:20','TESTE17@gmail.com',1,883),(1720,'2024-06-18','17:20','TESTE17@gmail.com',1,884),(1720,'2024-06-18','17:20','TESTE17@gmail.com',1,885),(1720,'2024-06-18','17:20','TESTE17@gmail.com',1,886),(1720,'2024-06-18','17:20','TESTE17@gmail.com',1,887),(1720,'2024-06-18','17:20','TESTE17@gmail.com',1,888),(1720,'2024-06-18','17:20','TESTE17@gmail.com',1,889),(1720,'2024-06-18','17:20','TESTE17@gmail.com',1,890),(1720,'2024-06-18','17:20','TESTE17@gmail.com',1,891),(1720,'2024-06-18','17:20','TESTE17@gmail.com',1,892),(1720,'2024-06-18','17:20','TESTE17@gmail.com',1,893),(1720,'2024-06-18','17:20','TESTE17@gmail.com',1,894),(1720,'2024-06-18','17:20','TESTE17@gmail.com',1,895),(1720,'2024-06-18','17:20','TESTE17@gmail.com',1,896),(1720,'2024-06-18','17:20','TESTE17@gmail.com',1,897),(50,'2024-06-18','17:00','gala.s.monteiro@gmail.com',0,898),(50,'2024-06-18','17:00','gala.s.monteiro@gmail.com',0,899),(1,'2024-06-18','17:30','felipe.s.m1609@gmail.com',0,900),(50,'2024-06-18','17:00','felipe.s.m1609@gmail.com',0,901),(50,'2024-06-18','17:00','gala.s.monteiro@gmail.com',0,902),(1730,'2024-06-18','17:30','TESTE17@gmail.com',1,903),(1730,'2024-06-18','17:30','TESTE17@gmail.com',1,904),(1730,'2024-06-18','17:30','TESTE17@gmail.com',1,905),(1730,'2024-06-18','17:30','TESTE17@gmail.com',1,906),(1730,'2024-06-18','17:30','TESTE17@gmail.com',1,907),(1730,'2024-06-18','17:30','TESTE17@gmail.com',1,908),(1730,'2024-06-18','17:30','TESTE17@gmail.com',1,909),(1730,'2024-06-18','17:30','TESTE17@gmail.com',1,910),(1730,'2024-06-18','17:30','TESTE17@gmail.com',1,911),(1730,'2024-06-18','17:30','TESTE17@gmail.com',1,912),(1730,'2024-06-18','17:30','TESTE17@gmail.com',1,913),(1730,'2024-06-18','17:30','TESTE17@gmail.com',1,914),(1730,'2024-06-18','17:30','TESTE17@gmail.com',1,915),(1730,'2024-06-18','17:30','TESTE17@gmail.com',1,916),(1730,'2024-06-18','17:30','TESTE17@gmail.com',1,917),(1730,'2024-06-18','17:30','TESTE17@gmail.com',1,918),(1730,'2024-06-18','17:30','TESTE17@gmail.com',1,919),(1730,'2024-06-18','17:30','TESTE17@gmail.com',1,920),(1730,'2024-06-18','17:30','TESTE17@gmail.com',1,921),(1730,'2024-06-18','17:30','TESTE17@gmail.com',1,922),(1730,'2024-06-18','17:30','TESTE17@gmail.com',1,923),(1730,'2024-06-18','17:30','TESTE17@gmail.com',1,924),(1730,'2024-06-18','17:30','TESTE17@gmail.com',1,925),(1730,'2024-06-18','17:30','TESTE17@gmail.com',1,926),(1730,'2024-06-18','17:30','TESTE17@gmail.com',1,927),(1730,'2024-06-18','17:30','TESTE17@gmail.com',1,928),(1730,'2024-06-18','17:30','TESTE17@gmail.com',1,929),(1730,'2024-06-18','17:30','TESTE17@gmail.com',1,930),(1730,'2024-06-18','17:30','TESTE17@gmail.com',1,931),(1730,'2024-06-18','17:30','TESTE17@gmail.com',1,932),(1730,'2024-06-18','17:30','TESTE17@gmail.com',1,933),(1730,'2024-06-18','17:30','TESTE17@gmail.com',1,934),(1730,'2024-06-18','17:30','TESTE17@gmail.com',1,935),(1730,'2024-06-18','17:30','TESTE17@gmail.com',1,936),(1730,'2024-06-18','17:30','TESTE17@gmail.com',1,937),(1730,'2024-06-18','17:30','TESTE17@gmail.com',1,938),(1730,'2024-06-18','17:30','TESTE17@gmail.com',1,939),(1730,'2024-06-18','17:30','TESTE17@gmail.com',1,940),(1730,'2024-06-18','17:30','TESTE17@gmail.com',1,941),(1730,'2024-06-18','17:30','TESTE17@gmail.com',1,942),(1730,'2024-06-18','17:30','TESTE17@gmail.com',1,943),(1730,'2024-06-18','17:30','TESTE17@gmail.com',1,944),(1730,'2024-06-18','17:30','TESTE17@gmail.com',1,945),(1730,'2024-06-18','17:30','TESTE17@gmail.com',1,946),(1740,'2024-06-18','17:40','TESTE17@gmail.com',1,947),(1740,'2024-06-18','17:40','TESTE17@gmail.com',1,948),(1740,'2024-06-18','17:40','TESTE17@gmail.com',1,949),(1740,'2024-06-18','17:40','TESTE17@gmail.com',1,950),(1740,'2024-06-18','17:40','TESTE17@gmail.com',1,951),(1740,'2024-06-18','17:40','TESTE17@gmail.com',1,952),(1740,'2024-06-18','17:40','TESTE17@gmail.com',1,953),(1740,'2024-06-18','17:40','TESTE17@gmail.com',1,954),(1740,'2024-06-18','17:40','TESTE17@gmail.com',1,955),(1740,'2024-06-18','17:40','TESTE17@gmail.com',1,956),(1740,'2024-06-18','17:40','TESTE17@gmail.com',1,957),(1740,'2024-06-18','17:40','TESTE17@gmail.com',1,958),(1740,'2024-06-18','17:40','TESTE17@gmail.com',1,959),(1740,'2024-06-18','17:40','TESTE17@gmail.com',1,960),(1740,'2024-06-18','17:40','TESTE17@gmail.com',1,961),(1740,'2024-06-18','17:40','TESTE17@gmail.com',1,962),(1740,'2024-06-18','17:40','TESTE17@gmail.com',1,963),(1740,'2024-06-18','17:40','TESTE17@gmail.com',1,964),(1740,'2024-06-18','17:40','TESTE17@gmail.com',1,965),(1740,'2024-06-18','17:40','TESTE17@gmail.com',1,966),(1740,'2024-06-18','17:40','TESTE17@gmail.com',1,967),(1740,'2024-06-18','17:40','TESTE17@gmail.com',1,968),(1740,'2024-06-18','17:40','TESTE17@gmail.com',1,969),(1740,'2024-06-18','17:40','TESTE17@gmail.com',1,970),(1740,'2024-06-18','17:40','TESTE17@gmail.com',1,971),(1740,'2024-06-18','17:40','TESTE17@gmail.com',1,972),(1740,'2024-06-18','17:40','TESTE17@gmail.com',1,973),(1740,'2024-06-18','17:40','TESTE17@gmail.com',1,974),(1740,'2024-06-18','17:40','TESTE17@gmail.com',1,975),(1740,'2024-06-18','17:40','TESTE17@gmail.com',1,976),(1740,'2024-06-18','17:40','TESTE17@gmail.com',1,977),(1740,'2024-06-18','17:40','TESTE17@gmail.com',1,978),(1740,'2024-06-18','17:40','TESTE17@gmail.com',1,979),(1740,'2024-06-18','17:40','TESTE17@gmail.com',1,980),(1740,'2024-06-18','17:40','TESTE17@gmail.com',1,981),(1750,'2024-06-18','17:50','TESTE17@gmail.com',1,982),(1750,'2024-06-18','17:50','TESTE17@gmail.com',1,983),(1750,'2024-06-18','17:50','TESTE17@gmail.com',1,984),(1750,'2024-06-18','17:50','TESTE17@gmail.com',1,985),(1750,'2024-06-18','17:50','TESTE17@gmail.com',1,986),(1750,'2024-06-18','17:50','TESTE17@gmail.com',1,987),(1750,'2024-06-18','17:50','TESTE17@gmail.com',1,988),(1750,'2024-06-18','17:50','TESTE17@gmail.com',1,989),(1750,'2024-06-18','17:50','TESTE17@gmail.com',1,990),(1750,'2024-06-18','17:50','TESTE17@gmail.com',1,991),(1750,'2024-06-18','17:50','TESTE17@gmail.com',1,992),(1750,'2024-06-18','17:50','TESTE17@gmail.com',1,993),(1750,'2024-06-18','17:50','TESTE17@gmail.com',1,994),(1750,'2024-06-18','17:50','TESTE17@gmail.com',1,995),(1750,'2024-06-18','17:50','TESTE17@gmail.com',1,996),(1750,'2024-06-18','17:50','TESTE17@gmail.com',1,997),(1750,'2024-06-18','17:50','TESTE17@gmail.com',1,998),(1750,'2024-06-18','17:50','TESTE17@gmail.com',1,999),(1750,'2024-06-18','17:50','TESTE17@gmail.com',1,1000),(1750,'2024-06-18','17:50','TESTE17@gmail.com',1,1001),(1750,'2024-06-18','17:50','TESTE17@gmail.com',1,1002),(1750,'2024-06-18','17:50','TESTE17@gmail.com',1,1003),(1750,'2024-06-18','17:50','TESTE17@gmail.com',1,1004),(1750,'2024-06-18','17:50','TESTE17@gmail.com',1,1005),(1750,'2024-06-18','17:50','TESTE17@gmail.com',1,1006),(1750,'2024-06-18','17:50','TESTE17@gmail.com',1,1007),(1800,'2024-06-18','18:00','TESTE18@gmail.com',1,1015),(1750,'2024-06-18','17:50','TESTE17@gmail.com',1,1016),(1800,'2024-06-18','18:00','TESTE18@gmail.com',1,1037),(1800,'2024-06-18','18:00','TESTE18@gmail.com',1,1038),(1800,'2024-06-18','18:00','TESTE18@gmail.com',1,1039),(1800,'2024-06-18','18:00','TESTE18@gmail.com',1,1040),(1800,'2024-06-18','18:00','TESTE18@gmail.com',1,1041),(1800,'2024-06-18','18:00','TESTE18@gmail.com',1,1042),(1800,'2024-06-18','18:00','TESTE18@gmail.com',1,1043),(1800,'2024-06-18','18:00','TESTE18@gmail.com',1,1044),(1800,'2024-06-18','18:00','TESTE18@gmail.com',1,1045),(1800,'2024-06-18','18:00','TESTE18@gmail.com',1,1046),(1800,'2024-06-18','18:00','TESTE18@gmail.com',1,1047),(1800,'2024-06-18','18:00','TESTE18@gmail.com',1,1048),(1800,'2024-06-18','18:00','TESTE18@gmail.com',1,1049),(1800,'2024-06-18','18:00','TESTE18@gmail.com',1,1050),(1800,'2024-06-18','18:00','TESTE18@gmail.com',1,1051),(1800,'2024-06-18','18:00','TESTE18@gmail.com',1,1052),(1800,'2024-06-18','18:00','TESTE18@gmail.com',1,1053),(1800,'2024-06-18','18:00','TESTE18@gmail.com',1,1054),(1800,'2024-06-18','18:00','TESTE18@gmail.com',1,1055),(1800,'2024-06-18','18:00','TESTE18@gmail.com',1,1056),(1800,'2024-06-18','18:00','TESTE18@gmail.com',1,1057),(1810,'2024-06-18','18:10','TESTE18@gmail.com',1,1058),(1810,'2024-06-18','18:10','TESTE18@gmail.com',1,1059),(1810,'2024-06-18','18:10','TESTE18@gmail.com',1,1060),(1810,'2024-06-18','18:10','TESTE18@gmail.com',1,1061),(1810,'2024-06-18','18:10','TESTE18@gmail.com',1,1062),(1810,'2024-06-18','18:10','TESTE18@gmail.com',1,1063),(1810,'2024-06-18','18:10','TESTE18@gmail.com',1,1064),(1810,'2024-06-18','18:10','TESTE18@gmail.com',1,1065),(1810,'2024-06-18','18:10','TESTE18@gmail.com',1,1066),(1810,'2024-06-18','18:10','TESTE18@gmail.com',1,1067),(1810,'2024-06-18','18:10','TESTE18@gmail.com',1,1068),(1810,'2024-06-18','18:10','TESTE18@gmail.com',1,1069),(1810,'2024-06-18','18:10','TESTE18@gmail.com',1,1070),(1810,'2024-06-18','18:10','TESTE18@gmail.com',1,1071),(1820,'2024-06-18','18:20','TESTE18@gmail.com',1,1082),(1820,'2024-06-18','18:20','TESTE18@gmail.com',1,1083),(1820,'2024-06-18','18:20','TESTE18@gmail.com',1,1084),(1820,'2024-06-18','18:20','TESTE18@gmail.com',1,1085),(1820,'2024-06-18','18:20','TESTE18@gmail.com',1,1086),(1820,'2024-06-18','18:20','TESTE18@gmail.com',1,1087),(1820,'2024-06-18','18:20','TESTE18@gmail.com',1,1088),(1820,'2024-06-18','18:20','TESTE18@gmail.com',1,1089),(1140,'2024-06-18','11:40','TESTE14@gmail.com',1,1090),(1150,'2024-06-18','11:50','TESTE11@gmail.com',1,1091),(1150,'2024-06-18','11:50','TESTE11@gmail.com',1,1092),(1150,'2024-06-18','11:50','TESTE11@gmail.com',1,1093),(1150,'2024-06-18','11:50','TESTE11@gmail.com',1,1094),(1150,'2024-06-18','11:50','TESTE11@gmail.com',1,1095),(1150,'2024-06-18','11:50','TESTE11@gmail.com',1,1096),(1150,'2024-06-18','11:50','TESTE11@gmail.com',1,1097),(1150,'2024-06-18','11:50','TESTE11@gmail.com',1,1098),(1150,'2024-06-18','11:50','TESTE11@gmail.com',1,1099),(1150,'2024-06-18','11:50','TESTE11@gmail.com',1,1100),(1150,'2024-06-18','11:50','TESTE11@gmail.com',1,1101),(1150,'2024-06-18','11:50','TESTE11@gmail.com',1,1102),(1150,'2024-06-18','11:50','TESTE11@gmail.com',1,1103),(1150,'2024-06-18','11:50','TESTE11@gmail.com',1,1104),(1150,'2024-06-18','11:50','TESTE11@gmail.com',1,1105),(1200,'2024-06-18','12:00','TESTE12@gmail.com',1,1106),(1200,'2024-06-18','12:00','TESTE12@gmail.com',1,1107),(1200,'2024-06-18','12:00','TESTE12@gmail.com',1,1108),(1200,'2024-06-18','12:00','TESTE12@gmail.com',1,1109),(1200,'2024-06-18','12:00','TESTE12@gmail.com',1,1110),(1200,'2024-06-18','12:00','TESTE12@gmail.com',1,1111),(1200,'2024-06-18','12:00','TESTE12@gmail.com',1,1112),(1200,'2024-06-18','12:00','TESTE12@gmail.com',1,1113),(1200,'2024-06-18','12:00','TESTE12@gmail.com',1,1114),(1200,'2024-06-18','12:00','TESTE12@gmail.com',1,1115),(1200,'2024-06-18','12:00','TESTE12@gmail.com',1,1116),(1200,'2024-06-18','12:00','TESTE12@gmail.com',1,1117),(1200,'2024-06-18','12:00','TESTE12@gmail.com',1,1118),(1200,'2024-06-18','12:00','TESTE12@gmail.com',1,1119),(1200,'2024-06-18','12:00','TESTE12@gmail.com',1,1120),(1200,'2024-06-18','12:00','TESTE12@gmail.com',1,1121),(1200,'2024-06-18','12:00','TESTE12@gmail.com',1,1122),(1200,'2024-06-18','12:00','TESTE12@gmail.com',1,1123),(1200,'2024-06-18','12:00','TESTE12@gmail.com',1,1124),(1200,'2024-06-18','12:00','TESTE12@gmail.com',1,1125),(1200,'2024-06-18','12:00','TESTE12@gmail.com',1,1126),(1200,'2024-06-18','12:00','TESTE12@gmail.com',1,1127),(1200,'2024-06-18','12:00','TESTE12@gmail.com',1,1128),(1200,'2024-06-18','12:00','TESTE12@gmail.com',1,1129),(1200,'2024-06-18','12:00','TESTE12@gmail.com',1,1130),(1200,'2024-06-18','12:00','TESTE12@gmail.com',1,1131),(1200,'2024-06-18','12:00','TESTE12@gmail.com',1,1132),(1200,'2024-06-18','12:00','TESTE12@gmail.com',1,1133),(1200,'2024-06-18','12:00','TESTE12@gmail.com',1,1134),(1200,'2024-06-18','12:00','TESTE12@gmail.com',1,1135),(1200,'2024-06-18','12:00','TESTE12@gmail.com',1,1136),(1200,'2024-06-18','12:00','TESTE12@gmail.com',1,1137),(1200,'2024-06-18','12:00','TESTE12@gmail.com',1,1138),(1200,'2024-06-18','12:00','TESTE12@gmail.com',1,1139),(1200,'2024-06-18','12:00','TESTE12@gmail.com',1,1140),(1200,'2024-06-18','12:00','TESTE12@gmail.com',1,1141),(1200,'2024-06-18','12:00','TESTE12@gmail.com',1,1142),(1200,'2024-06-18','12:00','TESTE12@gmail.com',1,1143),(1200,'2024-06-18','12:00','TESTE12@gmail.com',1,1144),(1200,'2024-06-18','12:00','TESTE12@gmail.com',1,1145),(1200,'2024-06-18','12:00','TESTE12@gmail.com',1,1146),(1200,'2024-06-18','12:00','TESTE12@gmail.com',1,1147),(1200,'2024-06-18','12:00','TESTE12@gmail.com',1,1148),(1200,'2024-06-18','12:00','TESTE12@gmail.com',1,1149),(1200,'2024-06-18','12:00','TESTE12@gmail.com',1,1150),(1200,'2024-06-18','12:00','TESTE12@gmail.com',1,1151),(1200,'2024-06-18','12:00','TESTE12@gmail.com',1,1152),(1200,'2024-06-18','12:00','TESTE12@gmail.com',1,1153),(1200,'2024-06-18','12:00','TESTE12@gmail.com',1,1154),(1210,'2024-06-18','12:10','TESTE12@gmail.com',1,1155),(1210,'2024-06-18','12:10','TESTE12@gmail.com',1,1156),(1210,'2024-06-18','12:10','TESTE12@gmail.com',1,1157),(1210,'2024-06-18','12:10','TESTE12@gmail.com',1,1158),(1210,'2024-06-18','12:10','TESTE12@gmail.com',1,1159),(1210,'2024-06-18','12:10','TESTE12@gmail.com',1,1160),(1210,'2024-06-18','12:10','TESTE12@gmail.com',1,1161),(1210,'2024-06-18','12:10','TESTE12@gmail.com',1,1162),(1210,'2024-06-18','12:10','TESTE12@gmail.com',1,1163),(1210,'2024-06-18','12:10','TESTE12@gmail.com',1,1164),(1210,'2024-06-18','12:10','TESTE12@gmail.com',1,1165),(1210,'2024-06-18','12:10','TESTE12@gmail.com',1,1166),(1210,'2024-06-18','12:10','TESTE12@gmail.com',1,1167),(1210,'2024-06-18','12:10','TESTE12@gmail.com',1,1168),(1210,'2024-06-18','12:10','TESTE12@gmail.com',1,1169),(1210,'2024-06-18','12:10','TESTE12@gmail.com',1,1170),(1210,'2024-06-18','12:10','TESTE12@gmail.com',1,1171),(1210,'2024-06-18','12:10','TESTE12@gmail.com',1,1172),(1210,'2024-06-18','12:10','TESTE12@gmail.com',1,1173),(1210,'2024-06-18','12:10','TESTE12@gmail.com',1,1174),(1210,'2024-06-18','12:10','TESTE12@gmail.com',1,1175),(1210,'2024-06-18','12:10','TESTE12@gmail.com',1,1176),(1210,'2024-06-18','12:10','TESTE12@gmail.com',1,1177),(1210,'2024-06-18','12:10','TESTE12@gmail.com',1,1178),(1210,'2024-06-18','12:10','TESTE12@gmail.com',1,1179),(1210,'2024-06-18','12:10','TESTE12@gmail.com',1,1180),(1210,'2024-06-18','12:10','TESTE12@gmail.com',1,1181),(1210,'2024-06-18','12:10','TESTE12@gmail.com',1,1182),(1210,'2024-06-18','12:10','TESTE12@gmail.com',1,1183),(1210,'2024-06-18','12:10','TESTE12@gmail.com',1,1184),(1210,'2024-06-18','12:10','TESTE12@gmail.com',1,1185),(1210,'2024-06-18','12:10','TESTE12@gmail.com',1,1186),(1210,'2024-06-18','12:10','TESTE12@gmail.com',1,1187),(1210,'2024-06-18','12:10','TESTE12@gmail.com',1,1188),(1210,'2024-06-18','12:10','TESTE12@gmail.com',1,1189),(1210,'2024-06-18','12:10','TESTE12@gmail.com',1,1190),(1210,'2024-06-18','12:10','TESTE12@gmail.com',1,1191),(1210,'2024-06-18','12:10','TESTE12@gmail.com',1,1192),(1210,'2024-06-18','12:10','TESTE12@gmail.com',1,1193),(1210,'2024-06-18','12:10','TESTE12@gmail.com',1,1194),(1210,'2024-06-18','12:10','TESTE12@gmail.com',1,1195),(1210,'2024-06-18','12:10','TESTE12@gmail.com',1,1196),(1210,'2024-06-18','12:10','TESTE12@gmail.com',1,1197),(1210,'2024-06-18','12:10','TESTE12@gmail.com',1,1198),(1220,'2024-06-18','12:20','TESTE12@gmail.com',1,1199),(50,'2024-06-18','11:50','gala.s.monteiro@gmail.com',0,1370),(50,'2024-06-18','11:50','gala.s.monteiro@gmail.com',0,1371),(50,'2024-06-19','17:00','gala.s.monteiro@gmail.com',0,1372),(28,'2024-06-19','17:50','gala.s.monteiro@gmail.com',0,1373),(15,'2024-06-19','18:10','gala.s.monteiro@gmail.com',0,1374),(50,'2024-06-19','17:20','gala.s.monteiro@gmail.com',0,1375),(50,'2024-06-19','17:00','gala.s.monteiro@gmail.com',0,1376),(36,'2024-06-19','17:40','felipe.s.m1609@gmail.com',0,1377),(50,'2024-06-19','17:00','felipe.s.m1609@gmail.com',0,1378),(28,'2024-06-19','17:50','gala.s.monteiro@gmail.com',0,1379),(50,'2024-06-19','17:20','gala.s.monteiro@gmail.com',0,1380),(1220,'2024-06-18','12:20','TESTE12@gmail.com',1,1381),(1220,'2024-06-18','12:20','TESTE12@gmail.com',1,1382),(1220,'2024-06-18','12:20','TESTE12@gmail.com',1,1383),(1220,'2024-06-18','12:20','TESTE12@gmail.com',1,1384),(1220,'2024-06-18','12:20','TESTE12@gmail.com',1,1385),(1220,'2024-06-18','12:20','TESTE12@gmail.com',1,1386),(1220,'2024-06-18','12:20','TESTE12@gmail.com',1,1387),(1220,'2024-06-18','12:20','TESTE12@gmail.com',1,1388),(1220,'2024-06-18','12:20','TESTE12@gmail.com',1,1389),(1220,'2024-06-18','12:20','TESTE12@gmail.com',1,1390),(1220,'2024-06-18','12:20','TESTE12@gmail.com',1,1391),(1220,'2024-06-18','12:20','TESTE12@gmail.com',1,1392),(1220,'2024-06-18','12:20','TESTE12@gmail.com',1,1393),(1220,'2024-06-18','12:20','TESTE12@gmail.com',1,1394),(1220,'2024-06-18','12:20','TESTE12@gmail.com',1,1395),(1220,'2024-06-18','12:20','TESTE12@gmail.com',1,1396),(1220,'2024-06-18','12:20','TESTE12@gmail.com',1,1397),(1220,'2024-06-18','12:20','TESTE12@gmail.com',1,1398),(1220,'2024-06-18','12:20','TESTE12@gmail.com',1,1399),(1220,'2024-06-18','12:20','TESTE12@gmail.com',1,1400),(1220,'2024-06-18','12:20','TESTE12@gmail.com',1,1401),(1220,'2024-06-18','12:20','TESTE12@gmail.com',1,1402),(1220,'2024-06-18','12:20','TESTE12@gmail.com',1,1403),(1220,'2024-06-18','12:20','TESTE12@gmail.com',1,1404),(1220,'2024-06-18','12:20','TESTE12@gmail.com',1,1405),(1220,'2024-06-18','12:20','TESTE12@gmail.com',1,1406),(1220,'2024-06-18','12:20','TESTE12@gmail.com',1,1407),(1220,'2024-06-18','12:20','TESTE12@gmail.com',1,1408),(1220,'2024-06-18','12:20','TESTE12@gmail.com',1,1409),(1220,'2024-06-18','12:20','TESTE12@gmail.com',1,1410),(1220,'2024-06-18','12:20','TESTE12@gmail.com',1,1411),(1220,'2024-06-18','12:20','TESTE12@gmail.com',1,1412),(1220,'2024-06-18','12:20','TESTE12@gmail.com',1,1413),(1230,'2024-06-18','12:30','TESTE12@gmail.com',1,1414),(1230,'2024-06-18','12:30','TESTE12@gmail.com',1,1415),(1230,'2024-06-18','12:30','TESTE12@gmail.com',1,1416),(1230,'2024-06-18','12:30','TESTE12@gmail.com',1,1417),(1230,'2024-06-18','12:30','TESTE12@gmail.com',1,1418),(1230,'2024-06-18','12:30','TESTE12@gmail.com',1,1419),(1230,'2024-06-18','12:30','TESTE12@gmail.com',1,1420),(1230,'2024-06-18','12:30','TESTE12@gmail.com',1,1421),(1230,'2024-06-18','12:30','TESTE12@gmail.com',1,1422),(1230,'2024-06-18','12:30','TESTE12@gmail.com',1,1423),(1230,'2024-06-18','12:30','TESTE12@gmail.com',1,1424),(1230,'2024-06-18','12:30','TESTE12@gmail.com',1,1425),(1230,'2024-06-18','12:30','TESTE12@gmail.com',1,1426),(1230,'2024-06-18','12:30','TESTE12@gmail.com',1,1427),(1230,'2024-06-18','12:30','TESTE12@gmail.com',1,1428),(1230,'2024-06-18','12:30','TESTE12@gmail.com',1,1429),(1230,'2024-06-18','12:30','TESTE12@gmail.com',1,1430),(1230,'2024-06-18','12:30','TESTE12@gmail.com',1,1431),(1230,'2024-06-18','12:30','TESTE12@gmail.com',1,1432),(1230,'2024-06-18','12:30','TESTE12@gmail.com',1,1433),(1230,'2024-06-18','12:30','TESTE12@gmail.com',1,1434),(1230,'2024-06-18','12:30','TESTE12@gmail.com',1,1435),(1230,'2024-06-18','12:30','TESTE12@gmail.com',1,1436),(1230,'2024-06-18','12:30','TESTE12@gmail.com',1,1437),(1230,'2024-06-18','12:30','TESTE12@gmail.com',1,1438),(1230,'2024-06-18','12:30','TESTE12@gmail.com',1,1439),(1230,'2024-06-18','12:30','TESTE12@gmail.com',1,1440),(1230,'2024-06-18','12:30','TESTE12@gmail.com',1,1441),(1230,'2024-06-18','12:30','TESTE12@gmail.com',1,1442),(1240,'2024-06-18','12:40','TESTE12@gmail.com',1,1443),(1240,'2024-06-18','12:40','TESTE12@gmail.com',1,1444),(1240,'2024-06-18','12:40','TESTE12@gmail.com',1,1445),(1240,'2024-06-18','12:40','TESTE12@gmail.com',1,1446),(1240,'2024-06-18','12:40','TESTE12@gmail.com',1,1447),(1240,'2024-06-18','12:40','TESTE12@gmail.com',1,1448),(1240,'2024-06-18','12:40','TESTE12@gmail.com',1,1449),(1240,'2024-06-18','12:40','TESTE12@gmail.com',1,1450),(1240,'2024-06-18','12:40','TESTE12@gmail.com',1,1451),(1240,'2024-06-18','12:40','TESTE12@gmail.com',1,1452),(1240,'2024-06-18','12:40','TESTE12@gmail.com',1,1453),(1240,'2024-06-18','12:40','TESTE12@gmail.com',1,1454),(1240,'2024-06-18','12:40','TESTE12@gmail.com',1,1455),(1240,'2024-06-18','12:40','TESTE12@gmail.com',1,1456),(1240,'2024-06-18','12:40','TESTE12@gmail.com',1,1457),(1240,'2024-06-18','12:40','TESTE12@gmail.com',1,1458),(1240,'2024-06-18','12:40','TESTE12@gmail.com',1,1459),(1240,'2024-06-18','12:40','TESTE12@gmail.com',1,1460),(1250,'2024-06-18','12:50','TESTE12@gmail.com',1,1461),(1250,'2024-06-18','12:50','TESTE12@gmail.com',1,1462),(1250,'2024-06-18','12:50','TESTE12@gmail.com',1,1463),(1250,'2024-06-18','12:50','TESTE12@gmail.com',1,1464),(1250,'2024-06-18','12:50','TESTE12@gmail.com',1,1465),(1250,'2024-06-18','12:50','TESTE12@gmail.com',1,1466),(1250,'2024-06-18','12:50','TESTE12@gmail.com',1,1467),(1250,'2024-06-18','12:50','TESTE12@gmail.com',1,1468),(1250,'2024-06-18','12:50','TESTE12@gmail.com',1,1469),(1250,'2024-06-18','12:50','TESTE12@gmail.com',1,1470),(1250,'2024-06-18','12:50','TESTE12@gmail.com',1,1471),(1250,'2024-06-18','12:50','TESTE12@gmail.com',1,1472),(1250,'2024-06-18','12:50','TESTE12@gmail.com',1,1473),(1250,'2024-06-18','12:50','TESTE12@gmail.com',1,1474),(1300,'2024-06-18','13:00','TESTE13@gmail.com',1,1475),(1300,'2024-06-18','13:00','TESTE13@gmail.com',1,1476),(1300,'2024-06-18','13:00','TESTE13@gmail.com',1,1477),(1300,'2024-06-18','13:00','TESTE13@gmail.com',1,1478),(1300,'2024-06-18','13:00','TESTE13@gmail.com',1,1479),(1300,'2024-06-18','13:00','TESTE13@gmail.com',1,1480),(1300,'2024-06-18','13:00','TESTE13@gmail.com',1,1481),(1240,'2024-06-18','12:40','TESTE12@gmail.com',1,1482),(8,'2024-06-19','13:00','gala.s.monteiro@gmail.com',0,1483),(45,'2024-06-19','12:10','gala.s.monteiro@gmail.com',0,1484),(50,'2024-06-19','11:50','gala.s.monteiro@gmail.com',0,1485),(15,'2024-06-19','12:50','gala.s.monteiro@gmail.com',0,1486),(50,'2024-06-19','11:50','gala.s.monteiro@gmail.com',0,1487),(50,'2024-06-19','11:50','felipe.s.m1609@gmail.com',0,1488),(30,'2024-06-19','12:30','felipe.s.m1609@gmail.com',0,1489),(50,'2024-06-19','11:50','gala.s.monteiro@gmail.com',0,1490),(50,'2024-06-19','11:50','felipe_serejo_monteiro@ufrrj.br',0,1491),(50,'2024-06-19','11:50','felipe_serejo_monteiro@ufrrj.br',0,1492),(20,'2024-06-19','12:40','felipe_serejo_monteiro@ufrrj.br',0,1493),(50,'2024-06-19','11:50','gala.s.monteiro@gmail.com',0,1494),(50,'2024-06-19','11:50','felipe_serejo_monteiro@ufrrj.br',0,1495),(20,'2024-06-19','12:40','gala.s.monteiro@gmail.com',0,1496),(50,'2024-06-20','17:00','felipe_serejo_monteiro@ufrrj.br',0,1497),(50,'2024-06-20','17:20','felipe_serejo_monteiro@ufrrj.br',0,1498),(50,'2024-06-20','17:00','felipe_serejo_monteiro@ufrrj.br',0,1499),(45,'2024-06-20','17:30','felipe_serejo_monteiro@ufrrj.br',0,1500),(50,'2024-06-20','17:00','felipe_serejo_monteiro@ufrrj.br',0,1501),(50,'2024-06-20','17:00','felipe_serejo_monteiro@ufrrj.br',0,1502),(50,'2024-06-20','17:00','felipe_serejo_monteiro@ufrrj.br',0,1503),(15,'2024-06-20','18:10','felipe_serejo_monteiro@ufrrj.br',0,1504),(50,'2024-06-20','17:00','felipe_serejo_monteiro@ufrrj.br',0,1505),(15,'2024-06-20','18:10','gala.s.monteiro@gmail.com',0,1506),(50,'2024-06-20','17:00','gala.s.monteiro@gmail.com',0,1507),(28,'2024-06-20','17:50','felipe_serejo_monteiro@ufrrj.br',0,1508),(45,'2024-06-20','17:30','felipe_serejo_monteiro@ufrrj.br',0,1509),(28,'2024-06-20','17:50','gala.s.monteiro@gmail.com',0,1510),(29,'2024-06-20','17:50','gala.s.monteiro@gmail.com',0,1511),(50,'2024-06-20','11:50','felipe_serejo_monteiro@ufrrj.br',0,1512),(20,'2024-06-20','12:40','felipe_serejo_monteiro@ufrrj.br',0,1513),(50,'2024-06-20','11:50','felipe_serejo_monteiro@ufrrj.br',0,1514),(1,'2024-06-20','13:10','felipe_serejo_monteiro@ufrrj.br',0,1515),(50,'2024-06-20','11:50','felipe_serejo_monteiro@ufrrj.br',0,1516),(50,'2024-06-20','11:50','felipe_serejo_monteiro@ufrrj.br',0,1517),(50,'2024-06-20','11:50','felipe_serejo_monteiro@ufrrj.br',0,1518),(20,'2024-06-20','12:40','felipe_serejo_monteiro@ufrrj.br',0,1519),(50,'2024-06-20','11:50','felipe_serejo_monteiro@ufrrj.br',0,1520),(50,'2024-06-20','11:50','felipe_serejo_monteiro@ufrrj.br',0,1521),(50,'2024-06-20','11:50','felipe_serejo_monteiro@ufrrj.br',0,1522),(20,'2024-06-20','12:40','felipe_serejo_monteiro@ufrrj.br',0,1523),(50,'2024-06-20','11:50','felipe_serejo_monteiro@ufrrj.br',0,1524),(45,'2024-06-20','12:10','felipe_serejo_monteiro@ufrrj.br',0,1525),(50,'2024-06-20','11:50','felipe_serejo_monteiro@ufrrj.br',0,1526),(20,'2024-06-20','12:40','felipe_serejo_monteiro@ufrrj.br',0,1527),(50,'2024-06-20','11:50','felipe_serejo_monteiro@ufrrj.br',0,1528),(30,'2024-06-20','12:30','felipe_serejo_monteiro@ufrrj.br',0,1529),(50,'2024-06-20','11:50','felipe_serejo_monteiro@ufrrj.br',0,1530),(20,'2024-06-20','12:40','felipe_serejo_monteiro@ufrrj.br',0,1531),(20,'2024-06-20','12:40','felipe_serejo_monteiro@ufrrj.br',0,1532),(1,'2024-06-20','13:10','felipe_serejo_monteiro@ufrrj.br',0,1533),(50,'2024-06-20','11:50','felipe_serejo_monteiro@ufrrj.br',0,1534),(1,'2024-06-20','13:10','felipe_serejo_monteiro@ufrrj.br',0,1535),(50,'2024-06-20','11:50','felipe_serejo_monteiro@ufrrj.br',0,1536),(15,'2024-06-20','18:10','felipe_serejo_monteiro@ufrrj.br',0,1537),(50,'2024-07-22','17:20','felipe_serejo_monteiro@ufrrj.br',0,1538),(50,'2024-07-22','17:00','felipe_serejo_monteiro@ufrrj.br',0,1539),(50,'2024-07-22','17:00','felipe_serejo_monteiro@ufrrj.br',0,1540),(50,'2024-07-22','17:00','felipe_serejo_monteiro@ufrrj.br',0,1541),(50,'2024-07-22','17:20','gala.s.monteiro@gmail.com',0,1542),(15,'2024-07-22','18:10','felipe_serejo_monteiro@ufrrj.br',0,1543),(50,'2024-07-22','17:00','gala.s.monteiro@gmail.com',0,1544),(50,'2024-07-22','17:20','gala.s.monteiro@gmail.com',0,1545),(50,'2024-07-22','17:20','felipe_serejo_monteiro@ufrrj.br',0,1546),(50,'2024-07-22','11:50','gala.s.monteiro@gmail.com',0,1547),(45,'2024-07-22','12:10','gala.s.monteiro@gmail.com',0,1548),(50,'2024-07-22','11:50','felipe_serejo_monteiro@ufrrj.br',0,1549),(50,'2024-07-22','11:50','gala.s.monteiro@gmail.com',0,1550),(15,'2024-07-22','12:50','gala.s.monteiro@gmail.com',0,1551),(20,'2024-07-22','12:40','felipe_serejo_monteiro@ufrrj.br',0,1552),(50,'2024-07-22','11:50','gala.s.monteiro@gmail.com',0,1553),(15,'2024-07-22','12:50','gala.s.monteiro@gmail.com',0,1554),(45,'2024-07-22','12:10','felipe_serejo_monteiro@ufrrj.br',0,1555),(50,'2024-07-22','11:50','felipe_serejo_monteiro@ufrrj.br',0,1556),(50,'2024-08-19','11:50','felipe_serejo_monteiro@ufrrj.br',0,1557),(50,'2024-08-23','11:50','felipe_serejo_monteiro@ufrrj.br',0,1558),(50,'2024-08-23','11:50','felipe_serejo_monteiro@ufrrj.br',0,1559);
/*!40000 ALTER TABLE `agendamento` ENABLE KEYS */;
UNLOCK TABLES;

--
-- Table structure for table `aluno`
--

DROP TABLE IF EXISTS `aluno`;
/*!40101 SET @saved_cs_client     = @@character_set_client */;
/*!50503 SET character_set_client = utf8mb4 */;
CREATE TABLE `aluno` (
  `email` varchar(100) NOT NULL,
  `nome` varchar(60) DEFAULT NULL,
  PRIMARY KEY (`email`),
  UNIQUE KEY `EmailAluno_UNIQUE` (`email`)
) ENGINE=InnoDB DEFAULT CHARSET=utf8mb4 COLLATE=utf8mb4_0900_ai_ci;
/*!40101 SET character_set_client = @saved_cs_client */;

--
-- Dumping data for table `aluno`
--

LOCK TABLES `aluno` WRITE;
/*!40000 ALTER TABLE `aluno` DISABLE KEYS */;
INSERT INTO `aluno` VALUES ('ayraobruno2@gmail.com','Bruno Ayro'),('felipe_serejo_monteiro@ufrrj.br','FELIPE SEREJO MONTEIRO'),('felipe.s.m1609@gmail.com','Felipe Monteiro'),('felipeccomp2023@gmail.com','felipe computaao'),('filadobandejao@gmail.com','Fila Do Bandeijo Ccomp'),('gala.s.monteiro@gmail.com','AzRaeL'),('goloto@gmail.com','Foooto'),('lipefotografia1609@gmail.com','Felipe Serejo'),('novaesduda4@gmail.com','duda Novaes'),('TESTANDO@gmail.com','Teste'),('TESTE1@gmail.com','TESTE1'),('TESTE10@gmail.com','TESTE2'),('TESTE11@gmail.com','TESTE2'),('TESTE12@gmail.com','TESTE2'),('TESTE13@gmail.com','TESTE2'),('TESTE14@gmail.com','TESTE2'),('TESTE15@gmail.com','TESTE2'),('TESTE16@gmail.com','TESTE2'),('TESTE17@gmail.com','TESTE2'),('TESTE18@gmail.com','TESTE2'),('TESTE19@gmail.com','TESTE2'),('TESTE2@gmail.com','TESTE2'),('TESTE20@gmail.com','TESTE2'),('TESTE21@gmail.com','TESTE2'),('TESTE22@gmail.com','TESTE2'),('TESTE23@gmail.com','TESTE2'),('TESTE24@gmail.com','TESTE2'),('TESTE25@gmail.com','TESTE2'),('TESTE26@gmail.com','TESTE2'),('TESTE27@gmail.com','TESTE2'),('TESTE28@gmail.com','TESTE2'),('TESTE29@gmail.com','TESTE2'),('TESTE3@gmail.com','TESTE2'),('TESTE30@gmail.com','TESTE2'),('TESTE31@gmail.com','TESTE2'),('TESTE32@gmail.com','TESTE2'),('TESTE33@gmail.com','TESTE2'),('TESTE34@gmail.com','TESTE2'),('TESTE35@gmail.com','TESTE2'),('TESTE35gmail.com','TESTE2'),('TESTE36@gmail.com','TESTE2'),('TESTE37@gmail.com','TESTE2'),('TESTE38@gmail.com','TESTE2'),('TESTE39@gmail.com','TESTE2'),('TESTE4@gmail.com','TESTE2'),('TESTE40@gmail.com','TESTE2'),('TESTE41@gmail.com','TESTE2'),('TESTE42@gmail.com','TESTE2'),('TESTE43@gmail.com','TESTE2'),('TESTE44@gmail.com','TESTE2'),('TESTE45@gmail.com','TESTE2'),('TESTE46@gmail.com','TESTE2'),('TESTE47@gmail.com','TESTE2'),('TESTE48@gmail.com','TESTE2'),('TESTE49@gmail.com','TESTE2'),('TESTE5@gmail.com','TESTE2'),('TESTE50@gmail.com','TESTE2'),('TESTE51@gmail.com','TESTE2'),('TESTE52@gmail.com','TESTE2'),('TESTE53@gmail.com','TESTE2'),('TESTE54@gmail.com','TESTE2'),('TESTE55@gmail.com','TESTE2'),('TESTE56@gmail.com','TESTE2'),('TESTE57@gmail.com','TESTE2'),('TESTE58@gmail.com','TESTE2'),('TESTE59@gmail.com','TESTE2'),('TESTE6@gmail.com','TESTE2'),('TESTE60@gmail.com','TESTE2'),('TESTE61@gmail.com','TESTE2'),('TESTE62@gmail.com','TESTE2'),('TESTE63@gmail.com','TESTE2'),('TESTE64@gmail.com','TESTE2'),('TESTE65@gmail.com','TESTE2'),('TESTE66@gmail.com','TESTE2'),('TESTE67@gmail.com','TESTE2'),('TESTE68@gmail.com','TESTE2'),('TESTE69@gmail.com','TESTE2'),('TESTE7@gmail.com','TESTE2'),('TESTE70@gmail.com','TESTE2'),('TESTE71@gmail.com','TESTE2'),('TESTE72gmail.com','TESTE2'),('TESTE73@gmail.com','TESTE2'),('TESTE74@gmail.com','TESTE2'),('TESTE75@gmail.com','TESTE2'),('TESTE8@gmail.com','TESTE2'),('TESTE9@gmail.com','TESTE2'),('VSCODE@gmail.com','to no vs code'),('VSCODE2@gmail.com','to no vs code');
/*!40000 ALTER TABLE `aluno` ENABLE KEYS */;
UNLOCK TABLES;

--
-- Table structure for table `cardapio`
--

DROP TABLE IF EXISTS `cardapio`;
/*!40101 SET @saved_cs_client     = @@character_set_client */;
/*!50503 SET character_set_client = utf8mb4 */;
CREATE TABLE `cardapio` (
  `id` int NOT NULL AUTO_INCREMENT,
  `principal` varchar(30) DEFAULT NULL,
  `opcao` varchar(30) DEFAULT NULL,
  `vegetariana` varchar(30) DEFAULT NULL,
  `acompanhamentos` varchar(60) DEFAULT NULL,
  `guarnicao` varchar(40) DEFAULT NULL,
  `salada` varchar(30) DEFAULT NULL,
  `sobremesa` varchar(20) DEFAULT NULL,
  `data` date DEFAULT NULL,
  `turno` enum('Almoo','Janta') DEFAULT NULL,
  PRIMARY KEY (`id`)
) ENGINE=InnoDB AUTO_INCREMENT=28 DEFAULT CHARSET=utf8mb4 COLLATE=utf8mb4_0900_ai_ci;
/*!40101 SET character_set_client = @saved_cs_client */;

--
-- Dumping data for table `cardapio`
--

LOCK TABLES `cardapio` WRITE;
/*!40000 ALTER TABLE `cardapio` DISABLE KEYS */;
INSERT INTO `cardapio` VALUES (1,'Frango Assado','Linguica Calabresa','Lentilha','Arroz Amarelo / Macarro / Feijo Vermelho','Farofa','Espinafre com Cenoura','Doce','2024-06-11','Almoo'),(2,'Frango Assado','Linguica Calabresa','Lentilha','Arroz Amarelo / Macarro / Feijo Vermelho','Farofa','Espinafre com Cenoura','Doce','2024-06-11','Janta'),(3,'Lasanha de Carne',' - ','Hamburguer de Soja','Arroz Branco / Feijo Preto','Batata Palha','Alface com Tomate','Fruta','2024-05-27','Almoo'),(4,'Lasanha de Carne',' - ','Hamburguer de Soja','Arroz Branco / Feijo Preto','Batata Palha','Alface com Tomate','Fruta','2024-05-27','Janta'),(14,'Bife Acebolado','Steak','','Macarro / Feijo Preto','Farofa','Couve','Doce','2024-06-19','Janta'),(15,'Bife Acebolado','Steak','','Macarro / Feijo Preto','Farofa','Couve','Doce','2024-06-19','Almoo'),(16,'Bife Acebolado','Steak','hamburguer de Soja','Arroz branco / Feijo Preto','Farofa','Alface e Couve','Fruta','2024-06-21','Almoo'),(17,'Bife Acebolado','Steak','hamburguer de Soja','Arroz branco / Feijo Preto','Farofa','Alface e Couve','Fruta','2024-06-21','Janta'),(18,'pore','AWDAW','GDRDGR','DRGDRG','DRGDGR','DRGDRG','RGDGRD','2024-06-24','Almoo'),(19,'pore','AWDAW','GDRDGR','DRGDRG','DRGDGR','DRGDRG','RGDGRD','2024-06-24','Janta'),(20,'Bife Grelhado','','hambuerguer de Soja','Arroz branco / Feijo Preto / Macarro','Farofa','Alface','Fruta','2024-06-27','Almoo'),(21,'Bife Grelhado','','hambuerguer de Soja','Arroz branco / Feijo Preto / Macarro','Farofa','Alface','Fruta','2024-06-27','Janta'),(22,'Frango Assado','','VGE','SEFSFE','F','HTF','TFH','2024-06-25','Almoo'),(23,'Frango Assado','','VGE','SEFSFE','F','HTF','TFH','2024-06-25','Janta'),(24,'awdawadw','','VGE','SEFSFE','F','HTF','TFH','2024-06-06','Almoo'),(25,'awdawadw','','VGE','SEFSFE','F','HTF','TFH','2024-06-06','Janta'),(26,'Bife Grelhado','','hamburguer de Soja','Arroz e Feijo','Farofa ','Alface e tomate','Fruta','2024-06-20','Almoo'),(27,'Bife Grelhado','','hamburguer de Soja','Arroz e Feijo','Farofa ','Alface e tomate','Fruta','2024-06-20','Janta');
/*!40000 ALTER TABLE `cardapio` ENABLE KEYS */;
UNLOCK TABLES;

--
-- Table structure for table `refeicao`
--

DROP TABLE IF EXISTS `refeicao`;
/*!40101 SET @saved_cs_client     = @@character_set_client */;
/*!50503 SET character_set_client = utf8mb4 */;
CREATE TABLE `refeicao` (
  `horario` varchar(100) NOT NULL,
  `turno` varchar(100) DEFAULT NULL,
  PRIMARY KEY (`horario`)
) ENGINE=InnoDB DEFAULT CHARSET=utf8mb4 COLLATE=utf8mb4_0900_ai_ci;
/*!40101 SET character_set_client = @saved_cs_client */;

--
-- Dumping data for table `refeicao`
--

LOCK TABLES `refeicao` WRITE;
/*!40000 ALTER TABLE `refeicao` DISABLE KEYS */;
INSERT INTO `refeicao` VALUES ('11:40','Almoo'),('11:50','Almoo'),('12:00','Almoo'),('12:10','Almoo'),('12:20','Almoo'),('12:30','Almoo'),('12:40','Almoo'),('12:50','Almoo'),('13:00','Almoo'),('13:10','Almoo'),('17:00','Janta'),('17:10','Janta'),('17:20','Janta'),('17:30','Janta'),('17:40','Janta'),('17:50','Janta'),('18:00','Janta'),('18:10','Janta'),('18:20','Janta'),('18:30','Janta');
/*!40000 ALTER TABLE `refeicao` ENABLE KEYS */;
UNLOCK TABLES;
/*!40103 SET TIME_ZONE=@OLD_TIME_ZONE */;

/*!40101 SET SQL_MODE=@OLD_SQL_MODE */;
/*!40014 SET FOREIGN_KEY_CHECKS=@OLD_FOREIGN_KEY_CHECKS */;
/*!40014 SET UNIQUE_CHECKS=@OLD_UNIQUE_CHECKS */;
/*!40101 SET CHARACTER_SET_CLIENT=@OLD_CHARACTER_SET_CLIENT */;
/*!40101 SET CHARACTER_SET_RESULTS=@OLD_CHARACTER_SET_RESULTS */;
/*!40101 SET COLLATION_CONNECTION=@OLD_COLLATION_CONNECTION */;
/*!40111 SET SQL_NOTES=@OLD_SQL_NOTES */;

-- Dump completed on 2024-09-12 21:31:46
